Title,Price,Min Quantity,Supplier,Supplier Info (Years & Location),Contact Name,Email,Phone,Image URL,Crop Type
Wheat,300-350 $US,50 tonnes métriques,SHRI PARVATHI EXPORT INDIA PRIVATE LIMITED,"8 Ans
IN Fournisseur",N/A,N/A,N/A,https://s.alicdn.com/@sc04/kf/UTB8PgbyyFfFXKJk43Otq6xIPFXax.jpg_300x300.jpg,wheat
Feed Wheat Kazakhstan Wholesale Natural Organic First Grade Animal Feed Wheat 50 Kg Bag Packaging Wheat,"117,05-175,58 $US",50 tonnes,Easy Trade Service GmbH,"4 Ans
DE Fournisseur",N/A,N/A,N/A,https://s.alicdn.com/@sc04/kf/Ub6dbaaf2c0994d14bf31a4e42e6b5137W.jpg_300x300.jpg,wheat
Hard Wheat Dried Style Premium Quality Wheat Product,260-290 $US,24 tonnes métriques,ECO EXPORT,"11 Ans
IN Fournisseur",N/A,N/A,N/A,https://s.alicdn.com/@sc04/kf/A69f4fe3c48844093813a8c8f0c9e3edcv.jpeg_300x300.jpeg,wheat
Best Quality Non-GMO Wheat Whole Organic Soft Wheat Grains in Bulk Quantities/Premium Quality Hard Wheat Wholesale,100 $US,1 tonne métrique,WELL FRESH (THAILAND) Company Limited,"1 an
TH Fournisseur",N/A,N/A,N/A,https://s.alicdn.com/@sc04/kf/A858aa6f753454e759792257f3287073dP.jpg_300x300.jpg,wheat
Wheat,185 $US,1 612 tonnes,LLP Shakhristan Agro,"1 an
KZ Fournisseur",N/A,N/A,N/A,https://s.alicdn.com/@sc04/kf/Ab6c2131a6d8b4d8f87ef4852801b1155A.jpg_300x300.jpg,wheat
High Quality GMO Wheat Grain in Bulk Whole Nutrition Dried Food for Export from Ukraine,190-300 $US,25 tonnes,InnovativeOne Technologies LIMITED,"6 Ans
CA Fournisseur",N/A,N/A,N/A,https://s.alicdn.com/@sc04/kf/A4aa001f1dec54b92933f7fb6f01311a1B.jpg_300x300.jpg,wheat
Top Quality Non-GMO Wheat Whole Organic Soft Wheat Grains in Bulk Quantities/Premium Quality Hard Wheat Wholesale,100 $US,1 tonne métrique,WELL FRESH (THAILAND) Company Limited,"1 an
TH Fournisseur",N/A,N/A,N/A,https://s.alicdn.com/@sc04/kf/A2714deda8c6d439cb69f009581b6afdaV.jpg_300x300.jpg,wheat
Wheat,150-250 $US,100 tonnes métriques,SAO MARTINHO,"2 Ans
US Fournisseur",N/A,N/A,N/A,https://s.alicdn.com/@sc04/kf/A005ee3134f17438ba814efc8ed788095C.jpg_300x300.jpg,wheat
Wheat,220 $US,3 000 tonnes métriques,Zyryan May LLC,"2 Ans
KZ Fournisseur",N/A,N/A,N/A,https://s.alicdn.com/@sc04/kf/A7692e9cb02b94038a3ce5df99aea09dcM.jpg_300x300.jpg,wheat
Wheat,100 $US,1 000 tonnes métriques,LLP ASAGREX,"1 an
KZ Fournisseur",N/A,N/A,N/A,https://s.alicdn.com/@sc04/kf/A277fbc0d75c84497b3c675b3a03f3c469.jpg_300x300.jpg,wheat
Organic Dried Whole Wheat Grains in Bulk Quantity Wholesale Supplier Ready for Export,200-300 $US,5 tonnes,EXIGENTELAXIA - UNIPESSOAL LDA,"3 Ans
PT Fournisseur",N/A,N/A,N/A,https://s.alicdn.com/@sc04/kf/Aec101b7025d445f8ae676fbece16e3d8r.jpg_300x300.jpg,wheat
Wheat,149 $US,10 tonnes,"E-POR IMPORT & EXPORT CO., LTD","2 Ans
TH Fournisseur",N/A,N/A,N/A,https://s.alicdn.com/@sc04/kf/Ab23115097bed42c794ea93a1217269251.jpg_300x300.jpg,wheat
Wheat Best Grade Whole Organic Soft Wheat Grains in Bulk Quantities/Premium Quality Hard Wheat Wholesale,100 $US,1 tonne métrique,WELL FRESH (THAILAND) Company Limited,"1 an
TH Fournisseur",N/A,N/A,N/A,https://s.alicdn.com/@sc04/kf/Abad6ab68f78f4740af2b5cc014841da3x.png_300x300.png,wheat
Wheat,280 $US,130 tonnes métriques,KZ EXPORT LLP,"1 an
KZ Fournisseur",N/A,N/A,N/A,https://s.alicdn.com/@sc04/kf/H28d9cdde4dfc4126b0c51c37bbe89a8cb.jpg_300x300.jpg,wheat
High Quality Organic Potato Starch Wheat Halal Certified Best Price Wholesale,800-1 000 $US,1 tonne,"Qinhuangdao Sanli Food Co., Ltd.","1 an
CN Fournisseur",N/A,N/A,N/A,https://s.alicdn.com/@sc04/kf/H193e346371c64080a7968c16569c3baaf.jpg_300x300.jpg,wheat
Wheat Best Grade Whole Organic Soft Wheat Grains in Bulk Quantities Customized Packing Premium Quality Hard Wheat Wholesale,650-750 $US,25 tonnes,UNK ENTERPRISES,"1 an
PK Fournisseur",N/A,N/A,N/A,https://s.alicdn.com/@sc04/kf/A79e365c282af4ec783905a1cb7d4d27dk.jpg_300x300.jpg,wheat
Best Grade Organic Whole Soft Wheat Grains 100% Wholesome Dried Wheat in Bulk Quantities High Quality,5-8 $US,5 tonnes,TRN Trader LLC,"5 Ans
US Fournisseur",N/A,N/A,N/A,https://s.alicdn.com/@sc04/kf/S67d4df81ff19402eb8af29b69b7db6daO.jpg_300x300.jpg,wheat
High Quality Organic Durum Wheat Natural Whole Wheat Grains Dried Hard Texture for Human Consumption,290-390 $US,25 tonnes métriques,ECO EXPORT,"11 Ans
IN Fournisseur",N/A,N/A,N/A,https://s.alicdn.com/@sc04/kf/UL8.0DPXeRaXXagOFbXC.jpg_300x300.jpg,wheat
Wheat Best Grade Whole Organic Soft Wheat Grains in Bulk Quantities/Premium Quality Hard Wheat Wholesale,5-8 $US,5 tonnes,TRN Trader LLC,"5 Ans
US Fournisseur",N/A,N/A,N/A,https://s.alicdn.com/@sc04/kf/A1add67189fb245f08ea72e6a18573264s.jpg_300x300.jpg,wheat
Customized Packing Premium Quality Hard Wheat Wholesale Wheat Best Grade Whole Organic Soft Wheat Grains in Bulk Quantities,650-750 $US,25 tonnes,UNK ENTERPRISES,"1 an
PK Fournisseur",N/A,N/A,N/A,https://s.alicdn.com/@sc04/kf/A55338d1f74494cbe8e8a881bb496dce18.jpg_300x300.jpg,wheat
Top quality Wheat Grain for global trade Wheat Grain available with complete packing and transport,100-120 $US,100 tonnes,AGRO TRADE LTDA,"3 Ans
BR Fournisseur",N/A,N/A,N/A,https://s.alicdn.com/@sc04/kf/S425e28287e8c4960bb88e1c444eb32b11.jpg_300x300.jpg,wheat
Organic Whole Wheat Grains in Bulk Fresh Stock Dried Style Wholesale Supplier,"100,87-201,75 $US",5 tonnes,ARIHANT ENTERPRISES,"1 an
IN Fournisseur",N/A,N/A,N/A,https://s.alicdn.com/@sc04/kf/A0abd3da3471045c3b2a132d4a18d38cbI.jpg_300x300.jpg,wheat
Best Factory Price of Natural Organic Whole Wheat Grains Available in Large Quantity Customized Packing Which Content Wheat,650-750 $US,25 tonnes,UNK ENTERPRISES,"1 an
PK Fournisseur",N/A,N/A,N/A,https://s.alicdn.com/@sc04/kf/A187192d5f4744809a9ac36f5300d38caY.jpg_300x300.jpg,wheat
Export Standard Whole Wheat Grain With Fresh Taste And Nutritional Richness Wheat Grain Bulk 100% Pure Natural,85-120 $US,10 tonnes,AGRO TRADE LTDA,"3 Ans
BR Fournisseur",N/A,N/A,N/A,https://s.alicdn.com/@sc04/kf/A7f34ec36bddb42a19118a042a0d0e546t.jpg_300x300.jpg,wheat
Feed Wheat,150 $US,100 tonnes,HKS ITHALAT IHRACAT LIMITED SIRKETI,"9 Ans
TR Fournisseur",N/A,N/A,N/A,https://s.alicdn.com/@sc04/kf/Hc4c96d12117f4cde832d68acf2d6f5eer.jpg_300x300.jpg,wheat
Ukrainian Golden Soft Wheat With High Gluten - Feed Wheat Grain in Bulk,187 $US,25 tonnes,Zestco Inc,"3 Ans
CA Fournisseur",N/A,N/A,N/A,https://s.alicdn.com/@sc04/kf/Aaa81a8b8267f4c0a820a047e280e98c9b.jpeg_300x300.jpeg,wheat
Wheat Grains With Fast Delivery Quality Golden Soft Wheat with High Gluten - Feed Wheat Grain in Bulk - Buy at Best Price,100-120 $US,10 tonnes métriques,"SUPANSA TRADER CO.,LTD","8 Ans
TH Fournisseur",N/A,N/A,N/A,https://s.alicdn.com/@sc04/kf/Aa98f89a086ee453cbe3fec51ec734645e.jpg_300x300.jpg,wheat
Organic Dried Wheat Grain for Human Consumption and Animal Feed Imported and Exported for Sales,150-250 $US,10 tonnes,DRY COLOR TRADING COMPANY LTDA,"3 Ans
BR Fournisseur",N/A,N/A,N/A,https://s.alicdn.com/@sc04/kf/Ae0ef0d55cca643f4be3df711a93367c0y.jpg_300x300.jpg,wheat
PREMIUM QUALITY Whole Grain Wheat for Sale Wheat Grain Wholesale 50000 Mt Buy Wheat Grain,"117,05-175,58 $US",50 tonnes,Easy Trade Service GmbH,"4 Ans
DE Fournisseur",N/A,N/A,N/A,https://s.alicdn.com/@sc04/kf/Ua302c6566b2c4422807b05ca9744377eh.jpg_300x300.jpg,wheat
Wholesale Top Grade Organic Whole Wheat Grain For Sale In Cheap Rate,120-150 $US,24 tonnes,NV AGS Trading,"1 an
BE Fournisseur",N/A,N/A,N/A,https://s.alicdn.com/@sc04/kf/Af47be5462cc94c8693bd413bf7909da1I.jpg_300x300.jpg,wheat
Wholesale Top Grade Organic Whole Wheat Grain for Sale in Cheap Rate,200 $US,20 tonnes,FENICIA IMPORTADORA E EXPORTADORA LTDA,"3 Ans
BR Fournisseur",N/A,N/A,N/A,https://s.alicdn.com/@sc04/kf/Aa83d4ce436cf4e70abfe7823f89ad8540.jpg_300x300.jpg,wheat
Hot selling wholesale durum Wheat in Bulk supply Top Quality Wheat Grains soft wheat in bulk for sale Best Quality Bulk Quantity,"80,25-100 $US",10 tonnes métriques,SUNISA KARNKA,"8 Ans
TH Fournisseur",N/A,N/A,N/A,https://s.alicdn.com/@sc04/kf/H805f16ca24f9483b8b9eb957539c172dQ.png_300x300.png,wheat
Excellent Quality Organic Natural Soft Wheat Grains in Bulk Fast Delivery with Reasonable Price Dried Hard Texture,100 $US,1 tonne métrique,WELL FRESH (THAILAND) Company Limited,"1 an
TH Fournisseur",N/A,N/A,N/A,https://s.alicdn.com/@sc04/kf/A923045a42721490bb40ffabc1d1d7757J.jpg_300x300.jpg,wheat
UKRAINE WHEAT GRAIN for ANIMAL and HUMAN CONSUMPTION,170-350 $US,100 tonnes métriques,Primex Oil LLC,"5 Ans
UA Fournisseur",N/A,N/A,N/A,https://s.alicdn.com/@sc04/kf/Ubcb9e514819b4ec69c3b84bea9f00a47T.jpg_300x300.jpg,wheat
Premium Grade Organic Durum Wheat Soft and Hard Texture GMO-Free Grain Wheat for Food and Animal Feed Dried Style,200 $US,28 tonnes,Bernhard Kandl Autohandel GmbH,"4 Ans
AT Fournisseur",N/A,N/A,N/A,https://s.alicdn.com/@sc04/kf/U2dc17b8b0bc54544848b8d123e42927dY.jpg_300x300.jpg,wheat
Soft and Hard Wheat Grains / Premium Quality Soft Milling Wheat,151-204 $US,10 tonnes,Carmela Trading,"2 Ans
FR Fournisseur",N/A,N/A,N/A,https://s.alicdn.com/@sc04/kf/Acccba3cc4e29475ab6083357fbce8311y.jpg_300x300.jpg,wheat
"Italian flour ""0 Bio"" 1kg size wheat flour organic of soft grains ideal for pizza, pasta, bakery","0,76-0,79 $US",100 kilogrammes,MOLINO BRUNO SPA,"4 Ans
IT Fournisseur",N/A,N/A,N/A,https://s.alicdn.com/@sc04/kf/U64690c13694e44eb98614a47b197b3790.jpg_300x300.jpg,wheat
Wholesale Supplier Organic Whole Wheat Grain for Sale in Cheap Price Wholesale Organic Whole Wheat Grain for Sale in Cheap Price,150 $US,20 tonnes,ANN KLIGMAN LLC,"1 an
US Fournisseur",N/A,N/A,N/A,https://s.alicdn.com/@sc04/kf/A177379855453448593cb15b978434565q.jpg_300x300.jpg,wheat
Wheat Grain,300-320 $US,10 tonnes métriques,ECO EXPORT,"11 Ans
IN Fournisseur",N/A,N/A,N/A,https://s.alicdn.com/@sc04/kf/A1a6b3e712f924db88fa7f9d81d47906ab.jpg_300x300.jpg,wheat
Top Quality Wheat Grain Wholesale High Manufacturer New Best Material With Cheap Rate,200 $US,24 tonnes,AAZURI TRADING,"2 Ans
CA Fournisseur",N/A,N/A,N/A,https://s.alicdn.com/@sc04/kf/A2857b4d66af04b848e751e510f95cf3fX.jpg_300x300.jpg,wheat
Best Market Price Wheat Grain in Bulk 100% Pure & Nutrition Wheat Grain Buy From Indian Manufacturer,40-45 $US,50 tonnes métriques,BALKRISHNA AGRO PRODUCTS,"4 Ans
IN Fournisseur",N/A,N/A,N/A,https://s.alicdn.com/@sc04/kf/U58d2e2c278674fcda105be02a4386983O.png_300x300.png,wheat
Hot Selling Price Natural Soft Wheat Grains in Bulk,100-110 $US,18 tonnes,LSK Trading LLC,"1 an
US Fournisseur",N/A,N/A,N/A,https://s.alicdn.com/@sc04/kf/A24f00c469a1d4f479334166fb3fc928bp.jpg_300x300.jpg,wheat
Whole Grain Wheat for Sale Wheat Grain Wholesale Buy Wheat Grain,150-200 $US,5 tonnes,S.Z.Aram GmbH,"5 Ans
DE Fournisseur",N/A,N/A,N/A,https://s.alicdn.com/@sc04/kf/Aed9f3af22e66431a8d6ea8407aa0cd75p.jpg_300x300.jpg,wheat
Great Quality Wheat Grain for Food Production Wholesale From Manufacturer Wheat Grain for Sale,100 $US,1 000 tonnes métriques,LLP ASAGREX,"1 an
KZ Fournisseur",N/A,N/A,N/A,https://s.alicdn.com/@sc04/kf/A1b91fec99f1f42b0b36641856e359502Z.jpg_300x300.jpg,wheat
"Wheat Grain in Bulk / Hight Quality Wheat, Whole Nutrition Grain for Export From Canada",150 $US,25 tonnes métriques,TRADE NEPAL LLC,"3 Ans
US Fournisseur",N/A,N/A,N/A,https://s.alicdn.com/@sc04/kf/A3e730dc6905548a8926d04fe3aa0403fw.jpg_300x300.jpg,wheat
Wholesale Supplier Selling Best Quality Wheat Barley Grain Soft Milling Wheat Grains for Human & Animal Consumption,220-300 $US,25 tonnes,PROJECT NEW GENERATION LLC,"1 an
US Fournisseur",N/A,N/A,N/A,https://s.alicdn.com/@sc04/kf/S0c1ab5643dfc4a60a36c7e3789192a0eh.jpg_300x300.jpg,wheat
Wholesale Organic Wheat Grains Fresh Harvest High-Quality and Perfect for Baking & Milling,"0,38-0,46 $US",10 000 kilogrammes,TIRANGA SALES AGENCY,"1 an
IN Fournisseur",N/A,N/A,N/A,https://s.alicdn.com/@sc04/kf/Hf183dc6148644d09846e30e96a1aada5v.png_300x300.png,wheat
"Export Grade Organic Pakistani Wheat, Dried and Long Grain",320 $US,25 tonnes,Barakah Exports,"1 an
PK Fournisseur",N/A,N/A,N/A,https://s.alicdn.com/@sc04/kf/Ac60082a9289e419f9732e0d94b82b0e42.png_300x300.png,wheat
Mélange pour boisson nature en poudre d'herbe d'orge super verte OEM pour l'exportation,"0,78-0,98 $US",100 boîtes,"Shenzhen Weidesheng Tech Co., Ltd.","1 an
CN Fournisseur",N/A,N/A,N/A,https://s.alicdn.com/@sc04/kf/H4cc9c942e24d445fbf8624ee1bb26575d.jpg_300x300.jpg,barley
Orge Orge sans OGM Ukraine qualité Orge fourragère en vrac,120-150 $US,28 tonnes,LSK Trading LLC,"1 an
US Fournisseur",N/A,N/A,N/A,https://s.alicdn.com/@sc04/kf/A7f0f4561bb6a426690fdc0dc3f188b45D.jpg_300x300.jpg,barley
Orge Orge sans OGM Ukraine qualité Orge fourragère en vrac,150-200 $US,24 tonnes,NV AGS Trading,"1 an
BE Fournisseur",N/A,N/A,N/A,https://s.alicdn.com/@sc04/kf/Aa78999a9025a449e93df556e2a6c1d49Q.jpg_300x300.jpg,barley
Vente en gros d'orge pour l'alimentation des animaux Grains d'orge de haute qualité pour l'alimentation des animaux Grains d'orge décortiqués en gros Biologique naturel,450-900 $US,100 cartons,PRODEKSPO PLUS LLC,"9 Ans
UA Fournisseur",N/A,N/A,N/A,https://s.alicdn.com/@sc04/kf/A7245f2e8f78943f293f496fe69d63e00c.jpg_300x300.jpg,barley
Vente en gros d'orge fourragère naturelle biologique de première qualité sac de 50 Kg,"1,33-1,95 $US",100 kilogrammes,ALK Trade Inc,"1 an
CA Fournisseur",N/A,N/A,N/A,https://s.alicdn.com/@sc04/kf/Ad8ef3f316a3a4d3dabb2838ea7c8a2fd0.jpg_300x300.jpg,barley
Grains d'orge sélectionnés sont une source naturelle de renforcer le système immunitaire à bas prix,135 $US,1 612 tonnes,LLP Shakhristan Agro,"1 an
KZ Fournisseur",N/A,N/A,N/A,https://s.alicdn.com/@sc04/kf/Acaa8d73731034ea3a61e361a398b1a86D.jpg_300x300.jpg,barley
Orge chaud de catégorie pour l'alimentation des animaux disponible pour l'exportation,290-345 $US,100 tonnes métriques,SHRI PARVATHI EXPORT INDIA PRIVATE LIMITED,"8 Ans
IN Fournisseur",N/A,N/A,N/A,https://s.alicdn.com/@sc04/kf/Sf6d10cb403d54b618943fbc7c4c5cb7d7.jpg_300x300.jpg,barley
Vente en gros d'orge biologique de première qualité pour l'alimentation animale Sac de 50 kg de grains entiers naturels,150 $US,5 tonnes,SAO MARTINHO,"2 Ans
US Fournisseur",N/A,N/A,N/A,https://s.alicdn.com/@sc04/kf/A3329ccd36d5a45c1a35981b74e86a88dw.jpg_300x300.jpg,barley
Vente en gros d'orge fourragère naturelle biologique de première qualité sac de 50 Kg,300 $US,5 tonnes,FI Supplies GmbH,"1 an
AT Fournisseur",N/A,N/A,N/A,https://s.alicdn.com/@sc04/kf/A0f522b67259b425683227385fc4c711ah.jpg_300x300.jpg,barley
"Mini graines lisses naturelles, vente en gros, aliments pour animaux",170-450 $US,25 tonnes métriques,Primex Oil LLC,"5 Ans
UA Fournisseur",N/A,N/A,N/A,https://s.alicdn.com/@sc04/kf/U4d9b5c64bc244aeaacc39fff4b19f841A.jpg_300x300.jpg,barley
Orge: Le supergrain naturel pur et rafraîchissant rempli de nutriments pour une boisson énergisante saine et de délicieuses recettes,"30 001,92 $US",10 tonnes métriques,C.S. Traders,"1 an
IN Fournisseur",N/A,N/A,N/A,https://s.alicdn.com/@sc04/kf/Ab4e64ec7dfe640a293e55ea0accef1feC.jpg_300x300.jpg,barley
100% Organic Premium Bulk Grains-Orge perlée pour le maltage directement séchée du meilleur fournisseur d'orge biologique,322 $US,20 tonnes,1030 Group LLC,"1 an
US Fournisseur",N/A,N/A,N/A,https://s.alicdn.com/@sc04/kf/A25d739630f704989a2002a229b6527a5u.jpg_300x300.jpg,barley
Vente en gros d'orge perlé biologique 25 kg utile pour la santé renforce le système immunitaire à bas prix,9 $US,20 sacs,LLP Mibeko,"1 an
KZ Fournisseur",N/A,N/A,N/A,https://s.alicdn.com/@sc04/kf/A74cd2939c6bf4412a98514de0356a7dal.jpg_300x300.jpg,barley
Orge Orge de qualité sans OGM Orge fourragère en vrac Meilleur prix d'usine de grains de seigle naturels et biologiques disponibles en grande quantité,120-250 $US,28 tonnes,HOME ESSENTIA LLC,"1 an
US Fournisseur",N/A,N/A,N/A,https://s.alicdn.com/@sc04/kf/A14f4e2c5e9bf4fc0b4664bb04ab980d1x.jpeg_300x300.jpeg,barley
"Extracteur de Grains d'orbe biologique, perle, original","163,87-210,69 $US",27 tonnes,S.Z.Aram GmbH,"5 Ans
DE Fournisseur",N/A,N/A,N/A,https://s.alicdn.com/@sc04/kf/Ub96e2f10c7ae4b10974e2b968ccdd8688.jpg_300x300.jpg,barley
Vente en gros d'orge fourragère naturelle biologique de première qualité sac de 50 Kg,180-250 $US,5 tonnes,PAOLA SARTI DE OLIVEIRA MONTEIRO,"1 an
BR Fournisseur",N/A,N/A,N/A,https://s.alicdn.com/@sc04/kf/A402e037599734d28bb54734bd22ba5f3V.jpg_300x300.jpg,barley
2021 Meilleure vente de qualité supérieure 12% d'orge séchée à l'humidité à un prix compétitif,100-175 $US,25 tonnes,DRY COLOR TRADING COMPANY LTDA,"3 Ans
BR Fournisseur",N/A,N/A,N/A,https://s.alicdn.com/@sc04/kf/A35adf4b413534d50ada51a82fca1fcb3Q.jpg_300x300.jpg,barley
"Orge de malt 100%, orge décortiquée, orge perlé à vendre pour l'alimentation animale et malt humain/orge",230 $US,10 tonnes,ACTION TRADING CO,"1 an
US Fournisseur",N/A,N/A,N/A,https://s.alicdn.com/@sc04/kf/A99984bab488b47efbd90c5520cc07f3fF.jpg_300x300.jpg,barley
Orge perlé biologique broyée ou entière orge maltée de brasserie Row,800-900 $US,10 tonnes métriques,AFNR Group Inc,"1 an
CA Fournisseur",N/A,N/A,N/A,https://s.alicdn.com/@sc04/kf/Ha7cb602bdc234432becf0fec7b158c03e.png_300x300.png,barley
"Orge de malt 100%, orge décortiquée, orge perlé à vendre pour l'alimentation animale et malt humain/orge","303,14-329,50 $US",10 tonnes,MEGA FOOD AND DRINK LIMITED,"1 an
UK Fournisseur",N/A,N/A,N/A,https://s.alicdn.com/@sc04/kf/A9cafbe4250824692bdf5b6f92df5e60aK.jpg_300x300.jpg,barley
"Bobines d'aliments alimentaires alimentaires Premium, 2000g, pastèque malette, en vrac, pour animaux","117,05-175,58 $US",50 tonnes,Easy Trade Service GmbH,"4 Ans
DE Fournisseur",N/A,N/A,N/A,https://s.alicdn.com/@sc04/kf/U8e34c5ca95a64da4a3c7bb22c7bc12efJ.jpg_300x300.jpg,barley
Aliments pour animaux de haute qualité à vendre,150-200 $US,25 tonnes,BF GLOBAL TRADING PTY LTD,"7 Ans
ZA Fournisseur",N/A,N/A,N/A,https://s.alicdn.com/@sc04/kf/Uf4b31d5bd75a47f88eeb64b730862c19n.jpg_300x300.jpg,barley
"Perle de ariel, coque rigide et Malt, vente en gros,",150 $US,28 tonnes,Bernhard Kandl Autohandel GmbH,"4 Ans
AT Fournisseur",N/A,N/A,N/A,https://s.alicdn.com/@sc04/kf/U105afb9431c942e0a177e3bc4e43143cc.jpg_300x300.jpg,barley
Orge de maltage biologique de haute qualité/orge décortiquée/orge perlé,140-200 $US,5 tonnes,STARLINK TRADING THAILAND,"3 Ans
TH Fournisseur",N/A,N/A,N/A,https://s.alicdn.com/@sc04/kf/A21626b23e09741358157a38d72a25370X.jpg_300x300.jpg,barley
Organiques orge mondé orge biologique,"0,65-0,90 $US",1 tonne métrique,"Dalian Spring Agricultural Products Co., Ltd.","15 Ans
CN Fournisseur",N/A,N/A,N/A,https://s.alicdn.com/@sc04/kf/Hc250467218ce41ed9e660b8639eaad4dk.jpg_300x300.jpg,barley
2024 nouvelle culture Orge pour l'alimentation animale/orge en vrac Orge maltée/Blé dur Orge en gros,"0,38-0,40 $US",1 000 kilogrammes,R.K.TRADERS,"2 Ans
IN Fournisseur",N/A,N/A,N/A,https://s.alicdn.com/@sc04/kf/Sa4982ab17c3f4e4e9bb7b7bbd97887e7J.jpg_300x300.jpg,barley
Grains d'orge en gros pas cher prix bonne qualité orge des Highlands qualité gruau d'orge naturel à vendre,"1,20-1,30 $US",1 kilogramme,Xinteng (Shanghai) Trade Center,"1 an
CN Fournisseur",N/A,N/A,N/A,https://s.alicdn.com/@sc04/kf/H66ccd2b1a2e14b53b0c4a27a44a200c6c.jpg_300x300.jpg,barley
Vente en gros de grains d'orge en vrac/orge fourragère de meilleure qualité à vendre/orge pour l'alimentation animale et la consommation humaine,200-225 $US,10 tonnes,TRADE NEPAL LLC,"3 Ans
US Fournisseur",N/A,N/A,N/A,https://s.alicdn.com/@sc04/kf/A0842f105630b42728905a7b528f755b8x.jpg_300x300.jpg,barley
Vente en gros d'orge fourragère naturelle biologique de première qualité sac de 50 Kg,150-250 $US,5 tonnes,CYGNET INTERNATIONAL HOLDINGS U LTD,"1 an
UG Fournisseur",N/A,N/A,N/A,https://s.alicdn.com/@sc04/kf/A1f17286ef543415ba3ea2e1eb6a87fc0t.jpg_300x300.jpg,barley
Orge maltée naturelle pure en vrac Grains d'alimentation animale de haute qualité prêt pour l'exportation Orge maltée pour une santé animale améliorée,120-190 $US,5 tonnes,Appolo Trading Inc,"1 an
US Fournisseur",N/A,N/A,N/A,https://s.alicdn.com/@sc04/kf/S02f650a27d91494f84fd5aed14d31e6ea.jpg_300x300.jpg,barley
Grains d'orge prix bon marché bonne qualité orge Highland vente en gros,110 $US,10 tonnes,Claris Solis LTD,"2 Ans
UK Fournisseur",N/A,N/A,N/A,https://s.alicdn.com/@sc04/kf/Abe225903b7794614bdbebd2e55152f7fE.jpg_300x300.jpg,barley
"Fût d'aliments pour animaux, vente en gros, meilleure qualité",130-140 $US,20 tonnes,Ivory Panel Inc,"5 Ans
CA Fournisseur",N/A,N/A,N/A,https://s.alicdn.com/@sc04/kf/Ub6b11c9109e0411c9c814ef28586f2355.jpeg_300x300.jpeg,barley
"Nourriture pour animaux, bulbe de haute qualité, disponible en vente",200-399 $US,5 tonnes métriques,JBK Manufacturing and Development Company,"4 Ans
US Fournisseur",N/A,N/A,N/A,https://s.alicdn.com/@sc04/kf/U316cbcf114af41c7aba5b41f5441abf4H.jpg_300x300.jpg,barley
Malt d'orge énergique biologique de qualité supérieure à haute valeur nutritive Grain d'orge séché pour animaux à prix économique,50-70 $US,22 tonnes métriques,JAMNAGAR UGANDA LIMITED,"7 Ans
UG Fournisseur",N/A,N/A,N/A,https://s.alicdn.com/@sc04/kf/A8cffdc1c7bd245febcefdfd369106a5eo.png_300x300.png,barley
Grain sain naturel d'orge d'alimentation animale de première catégorie organique pour le sac des bétail et des poissons 50 Kg,"0,75-1,35 $US",100 kilogrammes,"Aunt Sally's Praline Shops, Inc.","1 an
US Fournisseur",N/A,N/A,N/A,https://s.alicdn.com/@sc04/kf/A1e3fd7dfa78e4eb29cb5692fbc38d9ach.jpg_300x300.jpg,barley
Orge décortiquée biologique à vendre,100-300 $US,10 tonnes métriques,Best Trade SPRL,"2 Ans
BE Fournisseur",N/A,N/A,N/A,https://s.alicdn.com/@sc04/kf/A396f27bc1a3e42f5bd549b829daff7815.jpg_300x300.jpg,barley
Vente en gros d'orge fourragère naturelle biologique de première qualité sac de 50 Kg,140-210 $US,5 tonnes,GLOBESOX AGRIVET TRADING,"1 an
PH Fournisseur",N/A,N/A,N/A,https://s.alicdn.com/@sc04/kf/A4108e35cf1ab473ea3e556458e96ccbbZ.jpg_300x300.jpg,barley
Vente en gros d'orge fourragère naturelle biologique de première qualité sac de 50 Kg,"0,52-0,95 $US",100 kilogrammes,STERLINE GROUP PTY LTD,"1 an
ZA Fournisseur",N/A,N/A,N/A,https://s.alicdn.com/@sc04/kf/Ad73a0de9c0d14534ab7a18dffe2c0f0d2.jpg_300x300.jpg,barley
Grains d'orge Premium Orge/malt orge,"0,8194-1,41 $US",100 kilogrammes,A. Janyicsek Gesellschaft m.b.H.,"2 Ans
AT Fournisseur",N/A,N/A,N/A,https://s.alicdn.com/@sc04/kf/Afcb1d292ed5a46c3a88bc9edd739d8e1l.jpg_300x300.jpg,barley
Orge Orge sans OGM Ukraine qualité Orge fourragère en vrac,300-350 $US,10 tonnes,Sarl Marcoline,"1 an
FR Fournisseur",N/A,N/A,N/A,https://s.alicdn.com/@sc04/kf/Ac51438aab8c449619317e00316daffcdQ.jpg_300x300.jpg,barley
"100% d'orge maltée, d'orge décortiquée, d'orge perlé à vendre Alimentation animale et de malt humain/d'orge Grains d'orge pur de qualité supérieure pour Ma",250-350 $US,10 tonnes,JTR PRODUCE LLC,"2 Ans
US Fournisseur",N/A,N/A,N/A,https://s.alicdn.com/@sc04/kf/A2f20424369d0455089615acd440e83a4D.jpg_300x300.jpg,barley
Vente en gros d'orge biologique de première qualité pour l'alimentation animale Sac de 50 kg de grains entiers naturels,100-200 $US,5 tonnes,CVN HOLDING ApS,"2 Ans
DK Fournisseur",N/A,N/A,N/A,https://s.alicdn.com/@sc04/kf/A3046a3191add458f892eae1ad19b333b2.png_300x300.png,barley
Grains d'orge prix bon marché bonne qualité orge Highland vente en gros,7-9 $US,5 tonnes,TRN Trader LLC,"5 Ans
US Fournisseur",N/A,N/A,N/A,https://s.alicdn.com/@sc04/kf/Abf4a5126aca74fc1802db688ea86f17fs.jpg_300x300.jpg,barley
Orge importé de qualité supérieure/orge décortiquée,70-150 $US,10 tonnes,Under Pressure GmbH,"5 Ans
DE Fournisseur",N/A,N/A,N/A,https://s.alicdn.com/@sc04/kf/U94b52c5501ca4e91a8467ece16d64ad48.jpg_300x300.jpg,barley
Malt d'orge/grain d'orge/orge fourrage orge énergétique de qualité supérieure pour l'alimentation animale,140 $US,120 tonnes métriques,GLO TRADEMARK TRADING,"2 Ans
ZA Fournisseur",N/A,N/A,N/A,https://s.alicdn.com/@sc04/kf/Ab23ae3f8d9de4b528ebac366cfc41c80G.jpg_300x300.jpg,barley
Prix de gros des grains d'orge en vrac/Orge fourragère de meilleure qualité à vendre/Orge pour l'alimentation animale et la consommation humaine,275-300 $US,600 tonnes métriques,J Pilon SA Acucar e Alcool,"1 an
BR Fournisseur",N/A,N/A,N/A,https://s.alicdn.com/@sc04/kf/Af71aa14e752e46acbc0ac8894072cb3ew.png_300x300.png,barley
Vente en gros en vrac Thé d'orge 100% naturel cru séché biologique torréfié Prix bon marché Thé à grains santé Orge,"2,60 $US",1 kilogramme,"Anhui Huibaitang Pharmaceutical Co., Ltd.","1 an
CN Fournisseur",N/A,N/A,N/A,https://s.alicdn.com/@sc04/kf/Hb8b17ff2f6574b37809a739f221f23fdr.jpg_300x300.jpg,barley
Baril d'alimentation animale de haute qualité en gros OrganicFeed orge Malt orge disponible orge alimentation du bétail culture agricole,90-100 $US,100 tonnes métriques,Mega Resources Trading,"2 Ans
UA Fournisseur",N/A,N/A,N/A,https://s.alicdn.com/@sc04/kf/Afb0705b5be9b4d919f8cf2c9a29c9934f.jpeg_300x300.jpeg,barley
