Title,Price,Supplier,Supplier Info (Years & Location),Contact Name,Email,Phone,Image URL
"Graines de blé et enduri de qualité supérieure, vente en gros, g",100 $US-150 $US,Easy Trade Service GmbH,"4 Ans
DE Fournisseur",N/A,N/A,N/A,https://s.alicdn.com/@sc04/kf/Udda824af11424f91953e5d866fbc96b4o.jpg_300x300.jpg
Blé mou doré ukrainien à haute teneur en Gluten-Grain de blé en vrac,187 $US,Zestco Inc,"3 Ans
CA Fournisseur",N/A,N/A,N/A,https://s.alicdn.com/@sc04/kf/Aaa81a8b8267f4c0a820a047e280e98c9b.jpeg_300x300.jpeg
Grains de blé avec livraison rapide Blé tendre doré de qualité à haute teneur en gluten-Grain de blé fourrager en vrac-Acheter au meilleur prix,100 $US-120 $US,"SUPANSA TRADER CO.,LTD","8 Ans
TH Fournisseur",N/A,N/A,N/A,https://s.alicdn.com/@sc04/kf/Aa98f89a086ee453cbe3fec51ec734645e.jpg_300x300.jpg
Grains de blé tendre et dur/Blé tendre de qualité supérieure,151 $US-204 $US,Carmela Trading,"2 Ans
FR Fournisseur",N/A,N/A,N/A,https://s.alicdn.com/@sc04/kf/Acccba3cc4e29475ab6083357fbce8311y.jpg_300x300.jpg
"Grain de blé de qualité supérieure en vrac/blé de haute qualité, vente en gros",280 $US-380 $US,MAHADTHAI GLOBAL TRADE COMPANY LIMITED,"2 Ans
TH Fournisseur",N/A,N/A,N/A,https://s.alicdn.com/@sc04/kf/A4a77ee1bd03e47f19d67b3223c626a53k.png_300x300.png
Bon prix grain de blé entier du Kazakhstan vente chaude de blé en vrac,"0,18 $US",LLP Qazaq Industry Company,"2 Ans
KZ Fournisseur",N/A,N/A,N/A,https://s.alicdn.com/@sc04/kf/H555d2b70ff4842d58021c5ec50d72c82p.jpg_300x300.jpg
Grain de blé de haute qualité en vrac,200 $US,TRADE NEPAL LLC,"3 Ans
US Fournisseur",N/A,N/A,N/A,https://s.alicdn.com/@sc04/kf/A2228e7cee32248ca886f1cf4ade54992J.jpg_300x300.jpg
Grain de blé prix de gros blé grain blé blé entier à vendre,100 $US-200 $US,UMGS GROUP PTY LTD,"3 Ans
ZA Fournisseur",N/A,N/A,N/A,https://s.alicdn.com/@sc04/kf/A55655c8e54c147da8fac8cf1d1404e2a7.png_300x300.png
"Grains de blé entier à vendre, vente en gros, acheter des grains de blé",150 $US-200 $US,S.Z.Aram GmbH,"5 Ans
DE Fournisseur",N/A,N/A,N/A,https://s.alicdn.com/@sc04/kf/Aed9f3af22e66431a8d6ea8407aa0cd75p.jpg_300x300.jpg
Grains de blé avec livraison rapide Blé tendre doré de qualité à haute teneur en gluten-Grain de blé fourrager en vrac-Acheter au meilleur prix,134 $US,ANN KLIGMAN LLC,"1 an
US Fournisseur",N/A,N/A,N/A,https://s.alicdn.com/@sc04/kf/A027702dbbb184fc09ec1066c02c7bbbek.jpg_300x300.jpg
Achetez la meilleure qualité 100% grain de blé biologique/grain de blé en vrac 100% grain de blé pur et nutritionnel,120 $US-125 $US,X1 Ventures Ltd,"3 Ans
CA Fournisseur",N/A,N/A,N/A,https://s.alicdn.com/@sc04/kf/A61fa00238d2b4462870606a05060eb00C.png_300x300.png
"Grain de blé complet de haute qualité, vente en gros, 50000 ons",100 $US-150 $US,TRN Trader LLC,"5 Ans
US Fournisseur",N/A,N/A,N/A,https://s.alicdn.com/@sc04/kf/H9d00846d82ec45459900ae7d91e4d0d6N.jpg_300x300.jpg
Naturel NON-GMO blanc grain de blé biologique dur grains de blé,575 $US-610 $US,"Anhui Yanzhifang Foods Co., Ltd.","8 Ans
CN Fournisseur",N/A,N/A,N/A,https://s.alicdn.com/@sc04/kf/HTB19dTgc6fguuRjSspkq6xchpXaN.jpg_300x300.jpg
Offres Spéciales Goût délicieux Grains de blé tendre et dur de haute qualité/Blé dur de qualité supérieure prix bon marché,280 $US-300 $US,J Pilon SA Acucar e Alcool,"1 an
BR Fournisseur",N/A,N/A,N/A,https://s.alicdn.com/@sc04/kf/A1201f8f3a69e40ae9872ce42b694d547C.png_300x300.png
"Grain de blé en vrac/blé de haute qualité, grain de nutrition entier pour l'exportation depuis l'ukraine",100 $US-150 $US,AGRI Trade Commodities GmbH,"3 Ans
AT Fournisseur",N/A,N/A,N/A,https://s.alicdn.com/@sc04/kf/A584baba144ae4835b1810b0875b4f930b.jpg_300x300.jpg
"Grains de blé doux et dur, 500g, qualité supérieure",140 $US-150 $US,Global Export 009 Limited Partnership,"4 Ans
TH Fournisseur",N/A,N/A,N/A,https://s.alicdn.com/@sc04/kf/U8c74f84c93fd4b74b410be111a03565eX.jpg_300x300.jpg
Blé grains de blé tendre biologique entier de meilleure qualité en vrac/Blé dur de qualité supérieure en gros,100 $US,2M.C.L. AGRO,"1 an
FR Fournisseur",N/A,N/A,N/A,https://s.alicdn.com/@sc04/kf/A3dbc2bb36f20442d84064796aa776ca8H.png_300x300.png
Prix de vente chaud grains de blé tendre naturel en vrac,120 $US-150 $US,NV AGS Trading,"1 an
BE Fournisseur",N/A,N/A,N/A,https://s.alicdn.com/@sc04/kf/A96330ab7967541b18367848b9ec8dd728.jpg_300x300.jpg
"Blé doux doré de haute qualité, g, grains de blé, haute alimentation, en vrac, acheter au meilleur prix",200 $US-500 $US,Zwima Technologie GmbH,"4 Ans
DE Fournisseur",N/A,N/A,N/A,https://s.alicdn.com/@sc04/kf/Ud1c00d53c73e474abaf2572c2be9178aR.jpg_300x300.jpg
Vente en gros de grains de blé de haute qualité sans OGM en vrac 100% prix d'usine de grains de blé pur et nutritionnel,100 $US-200 $US,Global Support Supplier,"2 Ans
FR Fournisseur",N/A,N/A,N/A,https://s.alicdn.com/@sc04/kf/A1522160b892d4926853aba157bedb315n.jpg_300x300.jpg
Variété naturelle de grains de blé biologique de la meilleure qualité disponible au prix de gros pour l'exportation du fournisseur indien,578 $US-581 $US,R.K.TRADERS,"2 Ans
IN Fournisseur",N/A,N/A,N/A,https://s.alicdn.com/@sc04/kf/Se916c7f0a2e64acaade9be0e3ea78ed0O.jpg_300x300.jpg
Blé grains de blé tendre biologique entier de meilleure qualité en vrac/Blé dur de qualité supérieure en gros,150 $US-300 $US,Laka Trade OG,"2 Ans
AT Fournisseur",N/A,N/A,N/A,https://s.alicdn.com/@sc04/kf/Aba79e8c34dee4cc1be73b3d8cc7512fbQ.jpeg_300x300.jpeg
Grain de blé en vrac produit de haute qualité 100% grain de blé naturel à vendre,220 $US,Zyryan May LLC,"2 Ans
KZ Fournisseur",N/A,N/A,N/A,https://s.alicdn.com/@sc04/kf/A40d36df3c2cb4e3abb737bc19aa549f3i.jpg_300x300.jpg
Blé dur biologique de haute qualité Grains de blé entier naturels séchés Texture dure pour la consommation humaine,290 $US-390 $US,ECO EXPORT,"11 Ans
IN Fournisseur",N/A,N/A,N/A,https://s.alicdn.com/@sc04/kf/UL8.0DPXeRaXXagOFbXC.jpg_300x300.jpg
Grains de blé tendre et dur/Blé tendre de qualité supérieure,217 $US-230 $US,AAZURI TRADING,"2 Ans
CA Fournisseur",N/A,N/A,N/A,https://s.alicdn.com/@sc04/kf/A662385ec3c92474789789054466ed3ebt.jpg_300x300.jpg
Prix de vente chaud grains de blé tendre naturel en vrac,100 $US-110 $US,LSK Trading LLC,"1 an
US Fournisseur",N/A,N/A,N/A,https://s.alicdn.com/@sc04/kf/A24f00c469a1d4f479334166fb3fc928bp.jpg_300x300.jpg
Grains de blé entier biologique pur de qualité supérieure au prix de gros,"100,87 $US-201,75 $US",ARIHANT ENTERPRISES,"1 an
IN Fournisseur",N/A,N/A,N/A,https://s.alicdn.com/@sc04/kf/A16102f59d0f64aad8053343363a8a52dA.jpg_300x300.jpg
Emballage personnalisé Blé dur de qualité supérieure vente de gros Blé en gros Grains de blé entier biologique de meilleure qualité en vrac,650 $US-750 $US,UNK ENTERPRISES,"1 an
PK Fournisseur",N/A,N/A,N/A,https://s.alicdn.com/@sc04/kf/A55338d1f74494cbe8e8a881bb496dce18.jpg_300x300.jpg
Grains de blé entier biologique pur de qualité supérieure à vendre au prix de gros le moins cher,200 $US-300 $US,EXIGENTELAXIA - UNIPESSOAL LDA,"3 Ans
PT Fournisseur",N/A,N/A,N/A,https://s.alicdn.com/@sc04/kf/A8a629b28550d4482baf649712d0e23b5K.jpg_300x300.jpg
Grain de blé en vrac pour l'exportation/Grain de blé entier de haute qualité pour l'exportation dans le monde entier,100 $US,WELL FRESH (THAILAND) Company Limited,"1 an
TH Fournisseur",N/A,N/A,N/A,https://s.alicdn.com/@sc04/kf/A89272e5bc11f4367bc5152a7351cd892N.jpg_300x300.jpg
Grains de blé de qualité supérieure/blé dur en vrac,120 $US-150 $US,H&R BEVERAGES B.V.,"2 Ans
NL Fournisseur",N/A,N/A,N/A,https://s.alicdn.com/@sc04/kf/A1ade3c9bb7ed4c71b983055096ea1b81N.jpg_300x300.jpg
"Grains de blé de haute qualité, g, meilleur prix du marché, vente en gros, Grain de blé complet de blé depuis l'inde",300 $US-400 $US,SHRI PARVATHI EXPORT INDIA PRIVATE LIMITED,"8 Ans
IN Fournisseur",N/A,N/A,N/A,https://s.alicdn.com/@sc04/kf/Ua032123d367044c0aa1add2a9703c6a4T.jpg_300x300.jpg
"Blé naturel pur, Grain de qualité séchée, blé de haute qualité",110 $US-130 $US,Jurgen May Holding GmbH,"4 Ans
DE Fournisseur",N/A,N/A,N/A,https://s.alicdn.com/@sc04/kf/U7f2a1c96582c41c1bec928a25241f3deb.jpg_300x300.jpg
Des grains de blé de qualité supérieure dans des grains entiers biologiques en vrac pour une transformation des aliments saine et nutritive,"0,38 $US-0,46 $US",TIRANGA SALES AGENCY,"1 an
IN Fournisseur",N/A,N/A,N/A,https://s.alicdn.com/@sc04/kf/H06432cff1e08470894272b8022f317bf3.png_300x300.png
"Grains de blé mou de haute qualité pour la cuisson, produit naturel biologique","16,50 $US",AUTONOMOUS NON-PROFIT ORGANIZATION Export Support Center of the Republic of Bashkortostan,"6 Ans
RU Fournisseur",N/A,N/A,N/A,https://s.alicdn.com/@sc04/kf/A7ab9eb9bdde8499bad4fe64995c56d8dK.png_300x300.png
Grains de blé tendre et dur/Blé tendre de qualité supérieure,100 $US-170 $US,STARLINK TRADING THAILAND,"3 Ans
TH Fournisseur",N/A,N/A,N/A,https://s.alicdn.com/@sc04/kf/A38a1d59670a248b684c118bab489a7e5r.jpg_300x300.jpg
Grain de blé entier standard d'exportation avec un goût frais et une richesse nutritionnelle Grain de blé en vrac 100% pur naturel,85 $US-120 $US,AGRO TRADE LTDA,"3 Ans
BR Fournisseur",N/A,N/A,N/A,https://s.alicdn.com/@sc04/kf/A7f34ec36bddb42a19118a042a0d0e546t.jpg_300x300.jpg
Grain de blé OGM de haute qualité en vrac aliments secs de nutrition entière pour l'exportation de l'Ukraine,190 $US-300 $US,InnovativeOne Technologies LIMITED,"6 Ans
CA Fournisseur",N/A,N/A,N/A,https://s.alicdn.com/@sc04/kf/A4aa001f1dec54b92933f7fb6f01311a1B.jpg_300x300.jpg
"Grain de blé en vrac/blé de haute qualité, grain nutritif entier pour l'exportation de Thaïlande",150 $US-200 $US,"ROYAL TRADING(THAILAND) CO.,LTD","7 Ans
TH Fournisseur",N/A,N/A,N/A,https://s.alicdn.com/@sc04/kf/A7469568fdde7438fa293167eb84d8947v.jpg_300x300.jpg
Meilleur prix du marché Vente en gros Grain de blé Blé entier de qualité supérieure d'Afrique du Sud Grain de blé,140 $US,DRY COLOR TRADING COMPANY LTDA,"3 Ans
BR Fournisseur",N/A,N/A,N/A,https://s.alicdn.com/@sc04/kf/Ac134369a95524bf88629cfcaa8bbc0bfC.jpg_300x300.jpg
Grains de blé entier biologique de haute qualité disponibles à la vente à bas prix,200 $US-300 $US,SOURCEPLAN GMBH,"3 Ans
DE Fournisseur",N/A,N/A,N/A,https://s.alicdn.com/@sc04/kf/A780454a07d8f44ca84c302ab063c49e8y.jpg_300x300.jpg
Grains de blé entier biologique de la meilleure qualité à vendre à bas prix Grains de blé entier biologique en gros,70 $US,Hari Trading LLC,"1 an
US Fournisseur",N/A,N/A,N/A,https://s.alicdn.com/@sc04/kf/A8b94a34d71ab4cd28b957f2471f514f8x.jpg_300x300.jpg
Meilleures ventes Grains de blé naturels riches en nutriments et en fibres Grains de blé en vrac Grains de blé achetés,150 $US-200 $US,Srl Agripur,"1 an
BE Fournisseur",N/A,N/A,N/A,https://s.alicdn.com/@sc04/kf/Ad5c4fd3ca35243749cb52e3be1f02fffb.jpeg_300x300.jpeg
Grains de blé entier biologique en vrac frais stock style séché fournisseur de gros,250 $US-350 $US,Sarl Marcoline,"1 an
FR Fournisseur",N/A,N/A,N/A,https://s.alicdn.com/@sc04/kf/A9f1d49daf6e24c6a982b6c7109e28619q.jpg_300x300.jpg
Blé de printemps rouge dur biologique | Blé tendre d'hiver blanc biologique,100 $US-300 $US,General Agric Limited Partnership,"3 Ans
TH Fournisseur",N/A,N/A,N/A,https://s.alicdn.com/@sc04/kf/Aa12be2926fc14b91a04fdffaab642f29g.jpg_300x300.jpg
Grains de blé tendre et dur de qualité supérieure/Blé tendre de qualité supérieure pour le prix de gros,220 $US-350 $US,AB Trillium Trading LLC,"2 Ans
US Fournisseur",N/A,N/A,N/A,https://s.alicdn.com/@sc04/kf/A9d2f947d2e6248948b183763d2fa1c0dL.jpg_300x300.jpg
"Grain de blé de qualité supérieure en vrac/blé de haute qualité, entier",350 $US-400 $US,BAIYE GENERAL TRADING PTY LTD,"1 an
ZA Fournisseur",N/A,N/A,N/A,https://s.alicdn.com/@sc04/kf/A3d807ae69fa546c4b534c8aa288b9a27i.jpg_300x300.jpg
"Acheter du Grain de blé (blé de fraisage, blé dur, blé dur de blé mou)",750 $US-1 000 $US,Heavenly Autoworks,"3 Ans
ZA Fournisseur",N/A,N/A,N/A,https://s.alicdn.com/@sc04/kf/A43cb20a225ef463fb21c5627727346536.jpg_300x300.jpg
Grains de blé tendre et dur/Blé tendre de qualité supérieure,100 $US-150 $US,GLOBESOX AGRIVET TRADING,"1 an
PH Fournisseur",N/A,N/A,N/A,https://s.alicdn.com/@sc04/kf/A083dfc9118de4c9a8fd7048c4b27313eg.jpg_300x300.jpg
Grains de blé tendre et dur/Blé tendre de qualité supérieure,120 $US,SARL FOOD N LIFE,"1 an
FR Fournisseur",N/A,N/A,N/A,https://s.alicdn.com/@sc04/kf/A2e59e4d2d64847e78e958198ce3dea32N.jpg_300x300.jpg
Blé raisonnable de qualité supérieure Grains de blé tendre biologiques entiers de meilleure qualité en vrac Prix bon marché,115 $US-200 $US,CRG GROUP LLC,"2 Ans
US Fournisseur",N/A,N/A,N/A,https://s.alicdn.com/@sc04/kf/Ab062ae9a4de0479b8d11aacca23d3fcan.jpg_300x300.jpg
Grain de blé de qualité alimentaire grain de blé blanc grain de blé russe,159 $US-179 $US,"Leshan Dongchuan Machinery Co., Ltd.","8 Ans
CN Fournisseur",N/A,N/A,N/A,https://s.alicdn.com/@sc04/kf/H2868cbb1577240b598c036a545117a65b.jpg_300x300.jpg
Grain de blé en vrac/blé de haute qualité,2 $US-3 $US,Under Pressure GmbH,"5 Ans
DE Fournisseur",N/A,N/A,N/A,https://s.alicdn.com/@sc04/kf/H42b3f155f85f4e3090912465922d0d939.jpg_300x300.jpg
Grains de blé tendre naturels de haute qualité culture biologique Texture dure séchée en gros bon marché approvisionnement en vrac consommation humaine,300 $US-350 $US,CVN HOLDING ApS,"2 Ans
DK Fournisseur",N/A,N/A,N/A,https://s.alicdn.com/@sc04/kf/A08326257d6544c94b59d520b4c24633bg.jpg_300x300.jpg
Blé dur biologique pur de haute qualité à texture dure à grains entiers pour les aliments en vente,155 $US-275 $US,Lehnen Maschinen GmbH,"1 an
DE Fournisseur",N/A,N/A,N/A,https://s.alicdn.com/@sc04/kf/A8239492f42d347a89622635f89782ed8U.jpg_300x300.jpg
Grains de blé entier biologique de la meilleure qualité à vendre à bas prix Grains de blé entier biologique en gros,100 $US-200 $US,PAOLA SARTI DE OLIVEIRA MONTEIRO,"1 an
BR Fournisseur",N/A,N/A,N/A,https://s.alicdn.com/@sc04/kf/A31e6564edba14d068fbc970093e73aeeZ.jpg_300x300.jpg
"Grains de blé tendre et dur de la meilleure qualité/Blé de mouture tendre de qualité supérieure 100% pur blé de haute qualité, à bas prix",200 $US-350 $US,"E-POR IMPORT & EXPORT CO., LTD","2 Ans
TH Fournisseur",N/A,N/A,N/A,https://s.alicdn.com/@sc04/kf/A1b5bf2cde7de47f6a7ca12058843a6ecl.jpg_300x300.jpg
Prix de vente élevé de grains de blé entier biologique en vrac,250 $US-350 $US,Sarl Marcoline,"1 an
FR Fournisseur",N/A,N/A,N/A,https://s.alicdn.com/@sc04/kf/A397ccfcfb5754da39bfaa7cb1de27e273.jpg_300x300.jpg
Grains de blé tendre et dur de haute qualité Blé dur de qualité supérieure En stock Acheter maintenant Livraison rapide,250 $US-350 $US,EURL CARYS TRADE,"1 an
FR Fournisseur",N/A,N/A,N/A,https://s.alicdn.com/@sc04/kf/A886151100aee4cf8adecec2480449dcaz.jpeg_300x300.jpeg
Stock en vrac de grains de blé tendre naturels au prix de gros,250 $US-300 $US,Imperio Gold LTDA,"1 an
BR Fournisseur",N/A,N/A,N/A,https://s.alicdn.com/@sc04/kf/A6029131ed31d492490cb72139aeb78341.jpg_300x300.jpg
Blé à grains entiers de qualité incroyable à vendre grain de blé en gros acheter grain de blé,220 $US-380 $US,B.S.M TRADING COMPANY LIMITED,"4 Ans
TH Fournisseur",N/A,N/A,N/A,https://s.alicdn.com/@sc04/kf/A9a000eb31a794f118d01fbd0e62ba222m.jpg_300x300.jpg
Grains de blé entier de qualité supérieure fraîchement récoltés riches en nutriments et parfaits pour la cuisson ou la cuisson,634 $US-658 $US,C.S. Traders,"1 an
IN Fournisseur",N/A,N/A,N/A,https://s.alicdn.com/@sc04/kf/Ab0491c2576714d788ad6d1e448e1bee18.jpg_300x300.jpg
"Grain de blé en vrac/blé de haute qualité, grain nutritionnel entier pour l'exportation",250 $US-290 $US,MEGA FOOD AND DRINK LIMITED,"1 an
UK Fournisseur",N/A,N/A,N/A,https://s.alicdn.com/@sc04/kf/A13b306d1331248d8b349bca671abd361g.jpg_300x300.jpg
Stock en vrac de grains de blé tendre naturels au prix de gros,250 $US-300 $US,PEOTELEC,"1 an
FR Fournisseur",N/A,N/A,N/A,https://s.alicdn.com/@sc04/kf/A167ef65907f64f439d51cab4d3b6d46bH.jpg_300x300.jpg
"Blé artificiel de haute qualité, g, organique, graines de blé doux et dure, en vrac",100 $US-150 $US,Easy Trade Service GmbH,"4 Ans
DE Fournisseur",N/A,N/A,N/A,https://s.alicdn.com/@sc04/kf/Ue22391940b734842899c122930e746809.jpg_300x300.jpg
Grain de blé prix de gros blé grain blé blé entier à vendre,130 $US-280 $US,Carmela Trading,"2 Ans
FR Fournisseur",N/A,N/A,N/A,https://s.alicdn.com/@sc04/kf/A0e8a2f9ac8a041f8882f72feba1be258C.jpg_300x300.jpg
Meilleur prix du marché Grain de blé en vrac Grain de blé pur et nutritionnel Grain de blé en vrac/haute qualité,100 $US-120 $US,"SUPANSA TRADER CO.,LTD","8 Ans
TH Fournisseur",N/A,N/A,N/A,https://s.alicdn.com/@sc04/kf/A327005b7ec5f42f189b3c7325cc1a5b2E.jpg_300x300.jpg
Grain de blé blanc dur de qualité alimentaire grain de blé blanc grain de blé,240 $US-270 $US,TRADE NEPAL LLC,"3 Ans
US Fournisseur",N/A,N/A,N/A,https://s.alicdn.com/@sc04/kf/Afc73dce912184d3793fad8066eaed18bM.jpg_300x300.jpg
Grains de blé de qualité supérieure/blé dur en vrac,100 $US-200 $US,Global Support Supplier,"2 Ans
FR Fournisseur",N/A,N/A,N/A,https://s.alicdn.com/@sc04/kf/Aa0c70e0b2cc546cc981f7fa8e7e57b26B.jpeg_300x300.jpeg
Grain de blé en vrac du Kazakhstan 100% grain de blé naturel à vendre,220 $US,Zyryan May LLC,"2 Ans
KZ Fournisseur",N/A,N/A,N/A,https://s.alicdn.com/@sc04/kf/A7e6aa8fa52904c05a9fdd56077e4d792J.jpg_300x300.jpg
Grains de blé entier biologique pur de qualité supérieure à vendre au prix de gros le moins cher,100 $US-120 $US,LSK Trading LLC,"1 an
US Fournisseur",N/A,N/A,N/A,https://s.alicdn.com/@sc04/kf/Adf854061bd9b4f8798ca2d204f0af2f9T.jpg_300x300.jpg
"Grain de blé en vrac/blé de haute qualité, grain de nutrition entier pour l'exportation depuis l'inde",260 $US-290 $US,ECO EXPORT,"11 Ans
IN Fournisseur",N/A,N/A,N/A,https://s.alicdn.com/@sc04/kf/Ae6f00eec09484dcc969f4329df7f083cg.jpg_300x300.jpg
Blé grains de blé tendre biologique entier de meilleure qualité en vrac quantités emballage personnalisé blé dur de qualité supérieure vente en gros,650 $US-750 $US,UNK ENTERPRISES,"1 an
PK Fournisseur",N/A,N/A,N/A,https://s.alicdn.com/@sc04/kf/A79e365c282af4ec783905a1cb7d4d27dk.jpg_300x300.jpg
GRAINS DE BLÉ DE QUALITÉ SUPÉRIEURE POUR L'EXPORTATION,120 $US-150 $US,H&R BEVERAGES B.V.,"2 Ans
NL Fournisseur",N/A,N/A,N/A,https://s.alicdn.com/@sc04/kf/Adc5f95a3fb904f8cae9d0e31af4db359I.jpg_300x300.jpg
"Grains de blé en soie de haute qualité, 4000t, fibre de blé, fibre de blé, vente en gros",100 $US-150 $US,TRN Trader LLC,"5 Ans
US Fournisseur",N/A,N/A,N/A,https://s.alicdn.com/@sc04/kf/Hea0807a24b45473ca0a823535b5ee6a4G.jpg_300x300.jpg
Blé mou doré ukrainien avec grain de blé riche en gluten en vrac,100 $US,2M.C.L. AGRO,"1 an
FR Fournisseur",N/A,N/A,N/A,https://s.alicdn.com/@sc04/kf/A5784d68422b34138a828e203382078baw.jpg_300x300.jpg
"Blé de qualité supérieure, Grains de blé/blé mou en vrac",145 $US,Zestco Inc,"3 Ans
CA Fournisseur",N/A,N/A,N/A,https://s.alicdn.com/@sc04/kf/A39d48c3fda3141f099eb48c11b1b7406i.jpg_300x300.jpg
"Grain de blé, en vrac, de haute qualité, Grain nutritif complet, pour l'exportation",120 $US-150 $US,S.Z.Aram GmbH,"5 Ans
DE Fournisseur",N/A,N/A,N/A,https://s.alicdn.com/@sc04/kf/A8d51ed3449b4438ea1085e04ef8b1405z.jpg_300x300.jpg
"Grain de blé de qualité supérieure en vrac/blé de haute qualité, entier",100 $US-150 $US,AGRI Trade Commodities GmbH,"3 Ans
AT Fournisseur",N/A,N/A,N/A,https://s.alicdn.com/@sc04/kf/A89666c995dc54383b02c386742d95a1dd.jpeg_300x300.jpeg
Produit écologique de grains de blé entier de grande qualité blé naturel en vrac,"0,18 $US",LLP Qazaq Industry Company,"2 Ans
KZ Fournisseur",N/A,N/A,N/A,https://s.alicdn.com/@sc04/kf/Ha307286a138e47ccb4f22452ad9ff9ef4.jpg_300x300.jpg
Grains de blé entier biologique de la meilleure qualité à vendre à bas prix Grains de blé entier biologique en gros,217 $US-230 $US,AAZURI TRADING,"2 Ans
CA Fournisseur",N/A,N/A,N/A,https://s.alicdn.com/@sc04/kf/A1916b8b5fec848df8510754526c4c30br.jpg_300x300.jpg
Grains de blé entier biologique de haute qualité disponibles à la vente à bas prix,"100,87 $US-201,75 $US",ARIHANT ENTERPRISES,"1 an
IN Fournisseur",N/A,N/A,N/A,https://s.alicdn.com/@sc04/kf/A0e3e11b72e034702b6956f55a3ca6f48u.jpg_300x300.jpg
"Grain de blé de qualité supérieure en vrac/blé de haute qualité, entier",151 $US,ANN KLIGMAN LLC,"1 an
US Fournisseur",N/A,N/A,N/A,https://s.alicdn.com/@sc04/kf/A45015d7f54ba49648991c5f3e67471a4k.jpg_300x300.jpg
Grain de blé entier nutritif et frais avec un long stockage et un grain de blé naturel à haute teneur en fibres en vrac,380 $US-400 $US,AGRO TRADE LTDA,"3 Ans
BR Fournisseur",N/A,N/A,N/A,https://s.alicdn.com/@sc04/kf/H2e4fc99bbda94bd1ac7b1885648fb8222.jpg_300x300.jpg
Prix de gros Stock de grains de blé tendre naturels en vrac disponible à la vente,200 $US-300 $US,EXIGENTELAXIA - UNIPESSOAL LDA,"3 Ans
PT Fournisseur",N/A,N/A,N/A,https://s.alicdn.com/@sc04/kf/Ae577a317ab5c42d5b284d588adf31050h.jpg_300x300.jpg
Grains de blé tendre naturels biologiques d'excellente qualité en vrac Livraison rapide avec un prix raisonnable Texture dure séchée,100 $US,WELL FRESH (THAILAND) Company Limited,"1 an
TH Fournisseur",N/A,N/A,N/A,https://s.alicdn.com/@sc04/kf/A923045a42721490bb40ffabc1d1d7757J.jpg_300x300.jpg
Grain de blé en vrac/blé de haute qualité,85 $US,DRY COLOR TRADING COMPANY LTDA,"3 Ans
BR Fournisseur",N/A,N/A,N/A,https://s.alicdn.com/@sc04/kf/A9df9e82301da4547a5d33050c61e6867Y.jpg_300x300.jpg
"Grain de blé de qualité supérieure en vrac/blé de haute qualité, entier",330 $US-400 $US,STARLINK TRADING THAILAND,"3 Ans
TH Fournisseur",N/A,N/A,N/A,https://s.alicdn.com/@sc04/kf/Ac8a7695473844c87b3db55fb0d161d9bA.jpg_300x300.jpg
"Grain de blé en vrac/blé de haute qualité, grain de nutrition entier pour l'exportation",120 $US-150 $US,NV AGS Trading,"1 an
BE Fournisseur",N/A,N/A,N/A,https://s.alicdn.com/@sc04/kf/Af3fd8347e39e4f8ead3016487aa91b5d5.jpg_300x300.jpg
"Grain de blé de qualité supérieure en vrac/blé de haute qualité, entier",70 $US,Hari Trading LLC,"1 an
US Fournisseur",N/A,N/A,N/A,https://s.alicdn.com/@sc04/kf/Ac23080afd133479dabadfb023be11365a.jpg_300x300.jpg
Blé de qualité supérieure en vrac/Meilleur grain de blé/Blé à vendre,250 $US-290 $US,HOME ESSENTIA LLC,"1 an
US Fournisseur",N/A,N/A,N/A,https://s.alicdn.com/@sc04/kf/A35554363cefc4ce6b25586eda3ce8446k.jpg_300x300.jpg
Grains de blé entier biologique pur de qualité supérieure à vendre au prix de gros le moins cher,100 $US-150 $US,AB Trillium Trading LLC,"2 Ans
US Fournisseur",N/A,N/A,N/A,https://s.alicdn.com/@sc04/kf/A78499bb1269f4022aec224e014583f0dV.jpg_300x300.jpg
Blé à grains entiers de qualité incroyable à vendre grain de blé en gros acheter grain de blé,200 $US-300 $US,GLOBESOX AGRIVET TRADING,"1 an
PH Fournisseur",N/A,N/A,N/A,https://s.alicdn.com/@sc04/kf/A5474cad859a04325abfde6279dec3ae1q.png_300x300.png
Blé entier biologique de qualité supérieure Grains de blé canadien en vrac/Blé de qualité supérieure pur à 100%,260 $US-500 $US,CRG GROUP LLC,"2 Ans
US Fournisseur",N/A,N/A,N/A,https://s.alicdn.com/@sc04/kf/A15fd9e04632c445d9c23416f6baa493eb.jpg_300x300.jpg
Grains de blé tendre entier biologique de meilleure qualité 100% Blé séché sain en vrac de haute qualité,250 $US,Under Pressure GmbH,"5 Ans
DE Fournisseur",N/A,N/A,N/A,https://s.alicdn.com/@sc04/kf/Aca644cad83ed4859a7c68cf76a3776d4h.jpg_300x300.jpg
Meilleur prix du marché Blé Grain en vrac Grain de blé pur et nutritif,150 $US-200 $US,Srl Agripur,"1 an
BE Fournisseur",N/A,N/A,N/A,https://s.alicdn.com/@sc04/kf/A06b7ad339b374392b69b3e9aee281cae1.jpg_300x300.jpg
